scene,prefab_enabled,average_decision_frequency,decision_consistency,adaptability_score
MMM场景,True,0.028667335294719272,0.00250860617747022,0.8666666666666667
MMM2场景,True,0.02340588983204181,0.04177260146291278,0.9333333333333333
VLM注意力机制,False,0.019984356732103636,0.006375230539681668,0.6681818181818182
