scene,prefab_enabled,model_type,average_total_steps,average_execution_time,average_unit_survival_rate,average_enemy_elimination_rate,average_decision_quality,average_resource_efficiency,experiment_count
MMM场景,True,VLM,16.0,614.8260675,0.0,1.0,0.8303274690808937,11.09375,2
MMM2场景,True,VLM,16.0,798.8178694999999,0.0,1.0,0.8361963736746345,11.125,2
P5vsT8,True,VLM,11.5,601.298084,0.8,0.875,0.8178124999999999,8.700757575757576,2
P5vsT8,False,VLM,11.5,561.696841,0.7,0.875,0.878172554347826,8.450757575757576,2
MMM场景,False,VLM,16.0,538.981957,0.0,1.0,0.8288869572286595,10.59375,2
MMM2场景,False,VLM,16.0,695.3664635,0.0,1.0,0.8188524859229085,11.4375,2
